{
  "selectFlight-1698534913966" : {
    "transaction" : "selectFlight-1698534913966",
    "sampleCount" : 1,
    "errorCount" : 0,
    "errorPct" : 0.0,
    "meanResTime" : 272.0,
    "medianResTime" : 272.0,
    "minResTime" : 272.0,
    "maxResTime" : 272.0,
    "pct1ResTime" : 272.0,
    "pct2ResTime" : 272.0,
    "pct3ResTime" : 272.0,
    "throughput" : 3.676470588235294,
    "receivedKBytesPerSec" : 8.465935202205882,
    "sentKBytesPerSec" : 2.2834329044117645
  },
  "selectFlight-1698534915996" : {
    "transaction" : "selectFlight-1698534915996",
    "sampleCount" : 1,
    "errorCount" : 0,
    "errorPct" : 0.0,
    "meanResTime" : 312.0,
    "medianResTime" : 312.0,
    "minResTime" : 312.0,
    "maxResTime" : 312.0,
    "pct1ResTime" : 312.0,
    "pct2ResTime" : 312.0,
    "pct3ResTime" : 312.0,
    "throughput" : 3.205128205128205,
    "receivedKBytesPerSec" : 7.731119791666667,
    "sentKBytesPerSec" : 1.9906850961538463
  },
  "bookTicket-1698534914350" : {
    "transaction" : "bookTicket-1698534914350",
    "sampleCount" : 1,
    "errorCount" : 0,
    "errorPct" : 0.0,
    "meanResTime" : 382.0,
    "medianResTime" : 382.0,
    "minResTime" : 382.0,
    "maxResTime" : 382.0,
    "pct1ResTime" : 382.0,
    "pct2ResTime" : 382.0,
    "pct3ResTime" : 382.0,
    "throughput" : 2.617801047120419,
    "receivedKBytesPerSec" : 6.705558736910994,
    "sentKBytesPerSec" : 1.7511657395287958
  },
  "selectFlight-1698534915320" : {
    "transaction" : "selectFlight-1698534915320",
    "sampleCount" : 1,
    "errorCount" : 0,
    "errorPct" : 0.0,
    "meanResTime" : 355.0,
    "medianResTime" : 355.0,
    "minResTime" : 355.0,
    "maxResTime" : 355.0,
    "pct1ResTime" : 355.0,
    "pct2ResTime" : 355.0,
    "pct3ResTime" : 355.0,
    "throughput" : 2.8169014084507045,
    "receivedKBytesPerSec" : 6.63512323943662,
    "sentKBytesPerSec" : 1.7495598591549297
  },
  "bookTicket-1698534915682" : {
    "transaction" : "bookTicket-1698534915682",
    "sampleCount" : 1,
    "errorCount" : 0,
    "errorPct" : 0.0,
    "meanResTime" : 360.0,
    "medianResTime" : 360.0,
    "minResTime" : 360.0,
    "maxResTime" : 360.0,
    "pct1ResTime" : 360.0,
    "pct2ResTime" : 360.0,
    "pct3ResTime" : 360.0,
    "throughput" : 2.7777777777777777,
    "receivedKBytesPerSec" : 6.700303819444445,
    "sentKBytesPerSec" : 1.8581814236111112
  },
  "bookTicket-1698534916396" : {
    "transaction" : "bookTicket-1698534916396",
    "sampleCount" : 1,
    "errorCount" : 0,
    "errorPct" : 0.0,
    "meanResTime" : 399.0,
    "medianResTime" : 399.0,
    "minResTime" : 399.0,
    "maxResTime" : 399.0,
    "pct1ResTime" : 399.0,
    "pct2ResTime" : 399.0,
    "pct3ResTime" : 399.0,
    "throughput" : 2.506265664160401,
    "receivedKBytesPerSec" : 6.0062265037593985,
    "sentKBytesPerSec" : 1.6765546679197993
  },
  "addingPassagnerInfo-1698534917806" : {
    "transaction" : "addingPassagnerInfo-1698534917806",
    "sampleCount" : 1,
    "errorCount" : 0,
    "errorPct" : 0.0,
    "meanResTime" : 328.0,
    "medianResTime" : 328.0,
    "minResTime" : 328.0,
    "maxResTime" : 328.0,
    "pct1ResTime" : 328.0,
    "pct2ResTime" : 328.0,
    "pct3ResTime" : 328.0,
    "throughput" : 3.048780487804878,
    "receivedKBytesPerSec" : 6.841892149390244,
    "sentKBytesPerSec" : 2.3997237042682924
  },
  "bookTicket-1698534913691" : {
    "transaction" : "bookTicket-1698534913691",
    "sampleCount" : 1,
    "errorCount" : 0,
    "errorPct" : 0.0,
    "meanResTime" : 316.0,
    "medianResTime" : 316.0,
    "minResTime" : 316.0,
    "maxResTime" : 316.0,
    "pct1ResTime" : 316.0,
    "pct2ResTime" : 316.0,
    "pct3ResTime" : 316.0,
    "throughput" : 3.1645569620253164,
    "receivedKBytesPerSec" : 8.288419699367088,
    "sentKBytesPerSec" : 2.116915545886076
  },
  "selectFlight-1698534913371" : {
    "transaction" : "selectFlight-1698534913371",
    "sampleCount" : 1,
    "errorCount" : 0,
    "errorPct" : 0.0,
    "meanResTime" : 409.0,
    "medianResTime" : 409.0,
    "minResTime" : 409.0,
    "maxResTime" : 409.0,
    "pct1ResTime" : 409.0,
    "pct2ResTime" : 409.0,
    "pct3ResTime" : 409.0,
    "throughput" : 2.444987775061125,
    "receivedKBytesPerSec" : 5.632545079462103,
    "sentKBytesPerSec" : 1.5185666259168704
  },
  "bookTicket-1698534914963" : {
    "transaction" : "bookTicket-1698534914963",
    "sampleCount" : 1,
    "errorCount" : 0,
    "errorPct" : 0.0,
    "meanResTime" : 312.0,
    "medianResTime" : 312.0,
    "minResTime" : 312.0,
    "maxResTime" : 312.0,
    "pct1ResTime" : 312.0,
    "pct2ResTime" : 312.0,
    "pct3ResTime" : 312.0,
    "throughput" : 3.205128205128205,
    "receivedKBytesPerSec" : 8.206881009615385,
    "sentKBytesPerSec" : 2.144055488782051
  },
  "addingPassagnerInfo-1698534918645" : {
    "transaction" : "addingPassagnerInfo-1698534918645",
    "sampleCount" : 1,
    "errorCount" : 0,
    "errorPct" : 0.0,
    "meanResTime" : 361.0,
    "medianResTime" : 361.0,
    "minResTime" : 361.0,
    "maxResTime" : 361.0,
    "pct1ResTime" : 361.0,
    "pct2ResTime" : 361.0,
    "pct3ResTime" : 361.0,
    "throughput" : 2.770083102493075,
    "receivedKBytesPerSec" : 6.624935076177286,
    "sentKBytesPerSec" : 2.1668325831024933
  },
  "Debug Sampler" : {
    "transaction" : "Debug Sampler",
    "sampleCount" : 5,
    "errorCount" : 0,
    "errorPct" : 0.0,
    "meanResTime" : 2.0,
    "medianResTime" : 1.0,
    "minResTime" : 0.0,
    "maxResTime" : 7.0,
    "pct1ResTime" : 7.0,
    "pct2ResTime" : 7.0,
    "pct3ResTime" : 7.0,
    "throughput" : 3.4223134839151266,
    "receivedKBytesPerSec" : 1.4892411019849416,
    "sentKBytesPerSec" : 0.0
  },
  "addingPassagnerInfo-1698534917477" : {
    "transaction" : "addingPassagnerInfo-1698534917477",
    "sampleCount" : 1,
    "errorCount" : 0,
    "errorPct" : 0.0,
    "meanResTime" : 283.0,
    "medianResTime" : 283.0,
    "minResTime" : 283.0,
    "maxResTime" : 283.0,
    "pct1ResTime" : 283.0,
    "pct2ResTime" : 283.0,
    "pct3ResTime" : 283.0,
    "throughput" : 3.5335689045936394,
    "receivedKBytesPerSec" : 8.419832155477033,
    "sentKBytesPerSec" : 2.77440371024735
  },
  "addingPassagnerInfo-1698534917178" : {
    "transaction" : "addingPassagnerInfo-1698534917178",
    "sampleCount" : 1,
    "errorCount" : 0,
    "errorPct" : 0.0,
    "meanResTime" : 711.0,
    "medianResTime" : 711.0,
    "minResTime" : 711.0,
    "maxResTime" : 711.0,
    "pct1ResTime" : 711.0,
    "pct2ResTime" : 711.0,
    "pct3ResTime" : 711.0,
    "throughput" : 1.4064697609001406,
    "receivedKBytesPerSec" : 3.209882647679325,
    "sentKBytesPerSec" : 1.101551511954993
  },
  "Total" : {
    "transaction" : "Total",
    "sampleCount" : 21,
    "errorCount" : 0,
    "errorPct" : 0.0,
    "meanResTime" : 306.5238095238095,
    "medianResTime" : 316.0,
    "minResTime" : 0.0,
    "maxResTime" : 858.0,
    "pct1ResTime" : 663.2000000000002,
    "pct2ResTime" : 843.2999999999997,
    "pct3ResTime" : 858.0,
    "throughput" : 3.193916349809886,
    "receivedKBytesPerSec" : 6.113058460076045,
    "sentKBytesPerSec" : 1.6458234315589353
  },
  "selectFlight-1698534914649" : {
    "transaction" : "selectFlight-1698534914649",
    "sampleCount" : 1,
    "errorCount" : 0,
    "errorPct" : 0.0,
    "meanResTime" : 297.0,
    "medianResTime" : 297.0,
    "minResTime" : 297.0,
    "maxResTime" : 297.0,
    "pct1ResTime" : 297.0,
    "pct2ResTime" : 297.0,
    "pct3ResTime" : 297.0,
    "throughput" : 3.3670033670033668,
    "receivedKBytesPerSec" : 7.786195286195286,
    "sentKBytesPerSec" : 2.0912247474747474
  },
  "addingPassagnerInfo-1698534918281" : {
    "transaction" : "addingPassagnerInfo-1698534918281",
    "sampleCount" : 1,
    "errorCount" : 0,
    "errorPct" : 0.0,
    "meanResTime" : 472.0,
    "medianResTime" : 472.0,
    "minResTime" : 472.0,
    "maxResTime" : 472.0,
    "pct1ResTime" : 472.0,
    "pct2ResTime" : 472.0,
    "pct3ResTime" : 472.0,
    "throughput" : 2.1186440677966103,